ID,price
7000,65.00
7001,146.00
7002,150.00
7003,50.00
7004,107.00
7005,270.00
7006,173.00
7007,299.00
7008,218.00
7009,150.00
7010,65.00
7011,169.00
7012,51.00
7013,215.00
7014,116.00
7015,120.00
7016,178.00
7017,241.00
7018,203.00
7019,178.00
7020,201.00
7021,320.00
7022,174.00
7023,235.00
7024,150.00
7025,250.00
7026,140.00
7027,150.00
7028,181.00
7029,524.00
7030,179.00
7031,550.00
7032,320.00
7033,134.00
7034,312.00
7035,161.00
7036,193.00
7037,1000.00
7038,261.00
7039,146.00
7040,314.00
7041,335.00
7042,198.00
7043,125.00
7044,153.00
7045,390.00
7046,120.00
7047,214.00
7048,176.00
7049,103.00
7050,150.00
7051,165.00
7052,300.00
7053,172.00
7054,116.00
7055,51.00
7056,100.00
7057,153.00
7058,120.00
7059,214.00
7060,146.00
7061,51.00
7062,150.00
7063,158.00
7064,270.00
7065,95.00
7066,300.00
7067,213.00
7068,103.00
7069,134.00
7070,648.00
7071,60.00
7072,51.00
7073,226.00
7074,116.00
7075,170.00
7076,226.00
7077,150.00
7078,265.00
7079,336.00
7080,153.00
7081,65.00
7082,35.00
7083,110.00
7084,425.00
7085,44.00
7086,303.00
7087,70.00
7088,233.00
7089,165.00
7090,489.00
7091,359.00
7092,180.00
7093,140.00
7094,319.00
7095,226.00
7096,44.00
7097,261.00
7098,239.00
7099,457.00
7100,176.00
7101,190.00
7102,129.00
7103,165.00
7104,443.00
7105,127.00
7106,202.00
7107,122.00
7108,70.00
7109,263.00
7110,110.00
7111,149.00
7112,259.00
7113,320.00
7114,141.00
7115,45.00
7116,375.00
7117,180.00
7118,214.00
7119,167.00
7120,300.00
7121,194.00
7122,231.00
7123,122.00
7124,535.00
7125,169.00
7126,115.00
7127,300.00
7128,181.00
7129,55.00
7130,800.00
7131,241.00
7132,124.00
7133,300.00
7134,134.00
7135,150.00
7136,194.00
7137,115.00
7138,106.00
7139,321.00
7140,145.00
7141,177.00
7142,199.00
7143,160.00
7144,195.00
7145,60.00
7146,306.00
7147,60.00
7148,271.00
7149,427.00
7150,139.00
7151,100.00
7152,190.00
7153,60.00
7154,271.00
7155,139.00
7156,156.00
7157,51.00
7158,299.00
7159,311.00
7160,450.00
7161,139.00
7162,179.00
7163,98.00
7164,450.00
7165,161.00
7166,60.00
7167,537.00
7168,135.00
7169,65.00
7170,214.00
7171,134.00
7172,309.00
7173,124.00
7174,151.00
7175,181.00
7176,166.00
7177,105.00
7178,214.00
7179,196.00
7180,158.00
7181,55.00
7182,214.00
7183,103.00
7184,155.00
7185,145.00
7186,390.00
7187,145.00
7188,107.00
7189,70.00
7190,201.00
7191,327.00
7192,99.00
7193,498.00
7194,101.00
7195,50.00
7196,188.00
7197,98.00
7198,49.00
7199,158.00
7200,111.00
7201,160.00
7202,750.00
7203,106.00
7204,70.00
7205,45.00
7206,350.00
7207,130.00
7208,136.00
7209,314.00
7210,116.00
7211,100.00
7212,127.00
7213,100.00
7214,116.00
7215,195.00
7216,320.00
7217,128.00
7218,46.00
7219,361.00
7220,150.00
7221,200.00
7222,343.00
7223,203.00
7224,464.00
7225,134.00
7226,165.00
7227,161.00
7228,95.00
7229,128.00
7230,65.00
7231,210.00
7232,180.00
7233,145.00
7234,106.00
7235,103.00
7236,171.00
7237,470.00
7238,122.00
7239,350.00
7240,200.00
7241,131.00
7242,136.00
7243,50.00
7244,524.00
7245,524.00
7246,524.00
7247,194.00
7248,215.00
7249,120.00
7250,210.00
7251,35.00
7252,40.00
7253,114.00
7254,359.00
7255,214.00
7256,299.00
7257,139.00
7258,182.00
7259,400.00
7260,200.00
7261,150.00
7262,110.00
7263,214.00
7264,169.00
7265,112.00
7266,308.00
7267,275.00
7268,177.00
7269,336.00
7270,161.00
7271,214.00
7272,448.00
7273,336.00
7274,55.00
7275,380.00
7276,116.00
7277,143.00
7278,100.00
7279,144.00
7280,300.00
7281,103.00
7282,125.00
7283,128.00
7284,208.00
7285,151.00
7286,90.00
7287,350.00
7288,116.00
7289,618.00
7290,125.00
7291,210.00
7292,164.00
7293,35.00
7294,179.00
7295,180.00
7296,137.00
7297,204.00
7298,116.00
7299,150.00
7300,131.00
7301,145.00
7302,263.00
7303,100.00
7304,168.00
7305,150.00
7306,198.00
7307,163.00
7308,243.00
7309,200.00
7310,51.00
7311,125.00
7312,85.00
7313,60.00
7314,110.00
7315,134.00
7316,130.00
7317,204.00
7318,160.00
7319,70.00
7320,259.00
7321,179.00
7322,170.00
7323,220.00
7324,129.00
7325,425.00
7326,151.00
7327,145.00
7328,103.00
7329,100.00
7330,90.00
7331,51.00
7332,55.00
7333,150.00
7334,134.00
7335,112.00
7336,159.00
7337,169.00
7338,194.00
7339,155.00
7340,331.00
7341,265.00
7342,120.00
7343,214.00
7344,300.00
7345,253.00
7346,100.00
7347,164.00
7348,436.00
7349,159.00
7350,177.00
7351,308.00
7352,232.00
7353,169.00
7354,66.00
7355,270.00
7356,188.00
7357,127.00
7358,128.00
7359,50.00
7360,286.00
7361,128.00
7362,233.00
7363,188.00
7364,399.00
7365,168.00
7366,62.00
7367,115.00
7368,80.00
7369,172.00
7370,194.00
7371,181.00
7372,130.00
7373,292.00
7374,128.00
7375,116.00
7376,406.00
7377,128.00
7378,214.00
7379,180.00
7380,550.00
7381,150.00
7382,124.00
7383,110.00
7384,55.00
7385,255.00
7386,130.00
7387,150.00
7388,108.00
7389,205.00
7390,42.00
7391,103.00
7392,300.00
7393,120.00
7394,171.00
7395,131.00
7396,144.00
7397,116.00
7398,116.00
7399,115.00
7400,493.00
7401,210.00
7402,75.00
7403,164.00
7404,139.00
7405,180.00
7406,165.00
7407,203.00
7408,315.00
7409,210.00
7410,327.00
7411,190.00
7412,120.00
7413,128.00
7414,349.00
7415,498.00
7416,580.00
7417,150.00
7418,204.00
7419,399.00
7420,309.00
7421,130.00
7422,130.00
7423,93.00
7424,223.00
7425,80.00
7426,319.00
7427,127.00
7428,128.00
7429,48.00
7430,48.00
7431,163.00
7432,434.00
7433,116.00
7434,144.00
7435,55.00
7436,150.00
7437,209.00
7438,190.00
7439,150.00
7440,98.00
7441,85.00
7442,70.00
7443,125.00
7444,194.00
7445,60.00
7446,116.00
7447,201.00
7448,116.00
7449,400.00
7450,160.00
7451,110.00
7452,65.00
7453,600.00
7454,150.00
7455,112.00
7456,46.00
7457,178.00
7458,170.00
7459,300.00
7460,146.00
7461,140.00
7462,125.00
7463,134.00
7464,163.00
7465,90.00
7466,80.00
7467,729.00
7468,145.00
7469,210.00
7470,326.00
7471,159.00
7472,55.00
7473,218.00
7474,45.00
7475,109.00
7476,158.00
7477,106.00
7478,451.00
7479,36.00
7480,158.00
7481,222.00
7482,97.00
7483,200.00
7484,185.00
7485,116.00
7486,128.00
7487,350.00
7488,312.00
7489,116.00
7490,104.00
7491,238.00
7492,145.00
7493,150.00
7494,146.00
7495,214.00
7496,116.00
7497,116.00
7498,85.00
7499,135.00
7500,146.00
7501,40.00
7502,265.00
7503,116.00
7504,511.00
7505,116.00
7506,62.00
7507,552.00
7508,146.00
7509,87.00
7510,103.00
7511,65.00
7512,200.00
7513,231.00
7514,51.00
7515,163.00
7516,65.00
7517,153.00
7518,150.00
7519,159.00
7520,484.00
7521,198.00
7522,120.00
7523,163.00
7524,45.00
7525,110.00
7526,45.00
7527,239.00
7528,145.00
7529,55.00
7530,62.00
7531,62.00
7532,62.00
7533,100.00
7534,321.00
7535,308.00
7536,125.00
7537,197.00
7538,152.00
7539,152.00
7540,150.00
7541,128.00
7542,150.00
7543,313.00
7544,134.00
7545,90.00
7546,140.00
7547,167.00
7548,150.00
7549,177.00
7550,116.00
7551,241.00
7552,116.00
7553,241.00
7554,110.00
7555,65.00
7556,150.00
7557,500.00
7558,172.00
7559,498.00
7560,84.00
7561,150.00
7562,150.00
7563,55.00
7564,116.00
7565,274.00
7566,79.00
7567,100.00
7568,116.00
7569,150.00
7570,396.00
7571,140.00
7572,200.00
7573,69.00
7574,139.00
7575,400.00
7576,110.00
7577,60.00
7578,45.00
7579,594.00
7580,65.00
7581,132.00
7582,55.00
7583,172.00
7584,110.00
7585,155.00
7586,131.00
7587,116.00
7588,327.00
7589,96.00
7590,164.00
7591,249.00
7592,300.00
7593,194.00
7594,210.00
7595,246.00
7596,380.00
7597,546.00
7598,149.00
7599,135.00
7600,74.00
7601,172.00
7602,105.00
7603,85.00
7604,132.00
7605,51.00
7606,150.00
7607,188.00
7608,51.00
7609,55.00
7610,150.00
7611,140.00
7612,275.00
7613,200.00
7614,289.00
7615,171.00
7616,224.00
7617,344.00
7618,533.00
7619,200.00
7620,114.00
7621,175.00
7622,479.00
7623,131.00
7624,180.00
7625,165.00
7626,128.00
7627,145.00
7628,116.00
7629,300.00
7630,65.00
7631,139.00
7632,350.00
7633,139.00
7634,150.00
7635,165.00
7636,303.00
7637,200.00
7638,546.00
7639,163.00
7640,182.00
7641,319.00
7642,150.00
7643,150.00
7644,165.00
7645,214.00
7646,114.00
7647,170.00
7648,290.00
7649,195.00
7650,180.00
7651,168.00
7652,254.00
7653,65.00
7654,254.00
7655,114.00
7656,75.00
7657,990.00
7658,100.00
7659,299.00
7660,146.00
7661,145.00
7662,314.00
7663,116.00
7664,150.00
7665,150.00
7666,60.00
7667,188.00
7668,55.00
7669,56.00
7670,210.00
7671,600.00
7672,321.00
7673,198.00
7674,150.00
7675,178.00
7676,206.00
7677,142.00
7678,143.00
7679,109.00
7680,142.00
7681,149.00
7682,311.00
7683,312.00
7684,125.00
7685,283.00
7686,145.00
7687,133.00
7688,295.00
7689,180.00
7690,314.00
7691,231.00
7692,41.00
7693,250.00
7694,145.00
7695,100.00
7696,312.00
7697,74.00
7698,55.00
7699,100.00
7700,55.00
7701,55.00
7702,210.00
7703,280.00
7704,250.00
7705,169.00
7706,198.00
7707,232.00
7708,98.00
7709,92.00
7710,45.00
7711,150.00
7712,366.00
7713,134.00
7714,200.00
7715,150.00
7716,150.00
7717,343.00
7718,470.00
7719,312.00
7720,303.00
7721,312.00
7722,213.00
7723,125.00
7724,132.00
7725,132.00
7726,120.00
7727,400.00
7728,35.00
7729,158.00
7730,60.00
7731,265.00
7732,35.00
7733,150.00
7734,142.00
7735,35.00
7736,110.00
7737,165.00
7738,135.00
7739,135.00
7740,189.00
7741,75.00
7742,132.00
7743,120.00
7744,181.00
7745,150.00
7746,65.00
7747,299.00
7748,80.00
7749,282.00
7750,208.00
7751,60.00
7752,113.00
7753,152.00
7754,55.00
7755,203.00
7756,314.00
7757,222.00
7758,314.00
7759,312.00
7760,155.00
7761,110.00
7762,327.00
7763,229.00
7764,312.00
7765,139.00
7766,312.00
7767,229.00
7768,178.00
7769,180.00
7770,231.00
7771,66.00
7772,54.00
7773,377.00
7774,200.00
7775,159.00
7776,100.00
7777,132.00
7778,299.00
7779,141.00
7780,203.00
7781,127.00
7782,80.00
7783,261.00
7784,85.00
7785,407.00
7786,104.00
7787,457.00
7788,159.00
7789,274.00
7790,280.00
7791,327.00
7792,180.00
7793,111.00
7794,135.00
7795,377.00
7796,214.00
7797,242.00
7798,140.00
7799,125.00
7800,99.00
7801,150.00
7802,169.00
7803,360.00
7804,42.00
7805,320.00
7806,163.00
7807,350.00
7808,176.00
7809,1010.00
7810,80.00
7811,211.00
7812,170.00
7813,85.00
7814,140.00
7815,206.00
7816,75.00
7817,159.00
7818,130.00
7819,121.00
7820,180.00
7821,150.00
7822,124.00
7823,209.00
7824,182.00
7825,82.00
7826,190.00
7827,142.00
7828,410.00
7829,209.00
7830,110.00
7831,106.00
7832,125.00
7833,190.00
7834,131.00
7835,90.00
7836,1010.00
7837,80.00
7838,165.00
7839,209.00
7840,312.00
7841,380.00
7842,139.00
7843,106.00
7844,200.00
7845,550.00
7846,124.00
7847,39.00
7848,88.00
7849,134.00
7850,120.00
7851,129.00
7852,108.00
7853,131.00
7854,155.00
7855,55.00
7856,180.00
7857,65.00
7858,335.00
7859,250.00
7860,88.00
7861,200.00
7862,250.00
7863,150.00
7864,372.00
7865,146.00
7866,120.00
7867,101.00
7868,150.00
7869,176.00
7870,110.00
7871,238.00
7872,162.00
7873,299.00
7874,203.00
7875,100.00
7876,65.00
7877,65.00
7878,151.00
7879,173.00
7880,100.00
7881,327.00
7882,95.00
7883,165.00
7884,130.00
7885,179.00
7886,391.00
7887,145.00
7888,85.00
7889,111.00
7890,180.00
7891,227.00
7892,450.00
7893,203.00
7894,165.00
7895,145.00
7896,450.00
7897,61.00
7898,206.00
7899,190.00
7900,120.00
7901,425.00
7902,115.00
7903,176.00
7904,150.00
7905,193.00
7906,40.00
7907,327.00
7908,194.00
7909,150.00
7910,55.00
7911,40.00
7912,579.00
7913,155.00
7914,174.00
7915,223.00
7916,40.00
7917,75.00
7918,177.00
7919,200.00
7920,152.00
7921,106.00
7922,107.00
7923,100.00
7924,50.00
7925,75.00
7926,200.00
7927,188.00
7928,88.00
7929,55.00
7930,153.00
7931,174.00
7932,150.00
7933,152.00
7934,110.00
7935,62.00
7936,88.00
7937,125.00
7938,45.00
7939,149.00
7940,428.00
7941,88.00
7942,120.00
7943,265.00
7944,52.00
7945,110.00
7946,155.00
7947,80.00
7948,308.00
7949,179.00
7950,428.00
7951,136.00
7952,573.00
7953,242.00
7954,80.00
7955,390.00
7956,650.00
7957,241.00
7958,241.00
7959,194.00
7960,60.00
7961,65.00
7962,160.00
7963,144.00
7964,132.00
7965,190.00
7966,150.00
7967,100.00
7968,599.00
7969,180.00
7970,129.00
7971,223.00
7972,304.00
7973,129.00
7974,123.00
7975,128.00
7976,125.00
7977,205.00
7978,55.00
7979,274.00
7980,134.00
7981,158.00
7982,321.00
7983,160.00
7984,90.00
7985,223.00
7986,143.00
7987,385.00
7988,49.00
7989,68.00
7990,150.00
7991,326.00
7992,150.00
7993,310.00
7994,229.00
7995,329.00
7996,155.00
7997,146.00
7998,141.00
7999,128.00
8000,90.00
8001,75.00
8002,190.00
8003,210.00
8004,188.00
8005,190.00
8006,344.00
8007,602.00
8008,175.00
8009,80.00
8010,80.00
8011,139.00
8012,229.00
8013,326.00
8014,125.00
8015,210.00
8016,90.00
8017,116.00
8018,144.00
8019,546.00
8020,75.00
8021,130.00
8022,182.00
8023,103.00
8024,335.00
8025,456.00
8026,445.00
8027,145.00
8028,200.00
8029,146.00
8030,150.00
8031,65.00
8032,149.00
8033,113.00
8034,155.00
8035,208.00
8036,155.00
8037,200.00
8038,110.00
8039,142.00
8040,200.00
8041,230.00
8042,112.00
8043,169.00
8044,270.00
8045,163.00
8046,200.00
8047,229.00
8048,115.00
8049,180.00
8050,110.00
8051,213.00
8052,300.00
8053,200.00
8054,79.00
8055,311.00
8056,65.00
8057,425.00
8058,90.00
8059,150.00
8060,80.00
8061,107.00
8062,150.00
8063,180.00
8064,1286.00
8065,125.00
8066,114.00
8067,200.00
8068,130.00
8069,102.00
8070,60.00
8071,234.00
8072,150.00
8073,149.00
8074,300.00
8075,65.00
8076,145.00
8077,198.00
8078,58.00
8079,114.00
8080,535.00
8081,109.00
8082,145.00
8083,40.00
8084,120.00
8085,100.00
8086,110.00
8087,45.00
8088,124.00
8089,172.00
8090,55.00
8091,40.00
8092,390.00
8093,150.00
8094,110.00
8095,65.00
8096,65.00
8097,214.00
8098,163.00
8099,155.00
8100,750.00
8101,134.00
8102,98.00
8103,82.00
8104,150.00
8105,150.00
8106,150.00
8107,133.00
8108,160.00
8109,120.00
8110,300.00
8111,239.00
8112,153.00
8113,155.00
8114,165.00
8115,40.00
8116,120.00
8117,855.00
8118,100.00
8119,475.00
8120,145.00
8121,65.00
8122,150.00
8123,200.00
8124,300.00
8125,99.00
8126,150.00
8127,45.00
8128,226.00
8129,180.00
8130,264.00
8131,163.00
8132,66.00
8133,214.00
8134,295.00
8135,95.00
8136,150.00
8137,602.00
8138,190.00
8139,139.00
8140,375.00
8141,170.00
8142,190.00
8143,194.00
8144,314.00
8145,200.00
8146,384.00
8147,165.00
8148,170.00
8149,275.00
8150,150.00
8151,200.00
8152,88.00
8153,129.00
8154,150.00
8155,150.00
8156,155.00
8157,88.00
8158,169.00
8159,95.00
8160,300.00
8161,182.00
8162,65.00
8163,200.00
8164,180.00
8165,445.00
8166,160.00
8167,358.00
8168,146.00
8169,135.00
8170,177.00
8171,239.00
8172,180.00
8173,546.00
8174,177.00
8175,200.00
8176,310.00
8177,231.00
8178,150.00
8179,230.00
8180,242.00
8181,300.00
8182,650.00
8183,205.00
8184,132.00
8185,143.00
8186,227.00
8187,163.00
8188,168.00
8189,271.00
8190,69.00
8191,163.00
8192,150.00
8193,163.00
8194,707.00
8195,350.00
8196,165.00
8197,152.00
8198,140.00
8199,163.00
8200,55.00
8201,163.00
8202,163.00
8203,169.00
8204,135.00
8205,550.00
8206,152.00
8207,327.00
8208,324.00
8209,120.00
8210,238.00
8211,131.00
8212,193.00
8213,179.00
8214,200.00
8215,35.00
8216,155.00
8217,173.00
8218,200.00
8219,200.00
8220,62.00
8221,348.00
8222,320.00
8223,194.00
8224,165.00
8225,372.00
8226,100.00
8227,90.00
8228,320.00
8229,320.00
8230,150.00
8231,214.00
8232,372.00
8233,290.00
8234,145.00
8235,115.00
8236,120.00
8237,160.00
8238,125.00
8239,168.00
8240,146.00
8241,135.00
8242,109.00
8243,122.00
8244,77.00
8245,147.00
8246,135.00
8247,140.00
8248,270.00
8249,150.00
8250,165.00
8251,229.00
8252,55.00
8253,150.00
8254,205.00
8255,290.00
8256,190.00
8257,200.00
8258,465.00
8259,40.00
8260,149.00
8261,109.00
8262,178.00
8263,103.00
8264,103.00
8265,60.00
8266,48.00
8267,1550.00
8268,132.00
8269,95.00
8270,65.00
8271,430.00
8272,141.00
8273,290.00
8274,110.00
8275,172.00
8276,231.00
8277,116.00
8278,181.00
8279,125.00
8280,110.00
8281,150.00
8282,217.00
8283,250.00
8284,165.00
8285,150.00
8286,203.00
8287,99.00
8288,178.00
8289,35.00
8290,290.00
8291,180.00
8292,152.00
8293,132.00
8294,127.00
8295,160.00
8296,90.00
8297,303.00
8298,210.00
8299,160.00
8300,179.00
8301,160.00
8302,55.00
8303,55.00
8304,83.00
8305,190.00
8306,129.00
8307,165.00
8308,304.00
8309,60.00
8310,222.00
8311,88.00
8312,116.00
8313,135.00
8314,80.00
8315,116.00
8316,320.00
8317,308.00
8318,275.00
8319,49.00
8320,151.00
8321,241.00
8322,80.00
8323,88.00
8324,80.00
8325,132.00
8326,292.00
8327,406.00
8328,499.00
8329,240.00
8330,190.00
8331,202.00
8332,169.00
8333,60.00
8334,53.00
8335,75.00
8336,571.00
8337,107.00
8338,150.00
8339,236.00
8340,130.00
8341,498.00
8342,190.00
8343,250.00
8344,200.00
8345,241.00
8346,210.00
8347,100.00
8348,200.00
8349,377.00
8350,380.00
8351,489.00
8352,650.00
8353,250.00
8354,312.00
8355,190.00
8356,160.00
8357,143.00
8358,45.00
8359,40.00
8360,203.00
8361,197.00
8362,107.00
8363,65.00
8364,121.00
8365,1500.00
8366,60.00
8367,150.00
8368,169.00
8369,142.00
8370,51.00
8371,180.00
8372,179.00
8373,150.00
8374,132.00
8375,214.00
8376,165.00
8377,35.00
8378,214.00
8379,75.00
8380,114.00
8381,455.00
8382,225.00
8383,44.00
8384,55.00
8385,150.00
8386,90.00
8387,60.00
8388,406.00
8389,537.00
8390,259.00
8391,107.00
8392,142.00
8393,158.00
8394,200.00
8395,130.00
8396,552.00
8397,159.00
8398,248.00
8399,165.00
8400,103.00
8401,200.00
8402,289.00
8403,85.00
8404,51.00
8405,85.00
8406,88.00
8407,60.00
8408,40.00
8409,110.00
8410,145.00
8411,203.00
8412,150.00
8413,312.00
8414,90.00
8415,158.00
8416,83.00
8417,281.00
8418,80.00
8419,380.00
8420,300.00
8421,107.00
8422,144.00
8423,145.00
8424,177.00
8425,132.00
8426,100.00
8427,375.00
8428,203.00
8429,269.00
8430,170.00
8431,106.00
8432,450.00
8433,200.00
8434,380.00
8435,145.00
8436,149.00
8437,55.00
8438,200.00
8439,200.00
8440,80.00
8441,135.00
8442,232.00
8443,146.00
8444,227.00
8445,458.00
8446,215.00
8447,110.00
8448,198.00
8449,400.00
8450,160.00
8451,50.00
8452,149.00
8453,190.00
8454,308.00
8455,95.00
8456,152.00
8457,88.00
8458,150.00
8459,250.00
8460,107.00
8461,100.00
8462,134.00
8463,155.00
8464,84.00
8465,165.00
8466,132.00
8467,162.00
8468,180.00
8469,214.00
8470,232.00
8471,65.00
8472,180.00
8473,169.00
8474,180.00
8475,329.00
8476,103.00
8477,40.00
8478,35.00
8479,162.00
8480,125.00
8481,155.00
8482,109.00
8483,537.00
8484,80.00
8485,110.00
8486,463.00
8487,223.00
8488,107.00
8489,123.00
8490,215.00
8491,122.00
8492,55.00
8493,131.00
8494,210.00
8495,165.00
8496,85.00
8497,42.00
8498,486.00
8499,35.00
8500,180.00
8501,100.00
8502,84.00
8503,511.00
8504,162.00
8505,159.00
8506,175.00
8507,120.00
8508,80.00
8509,300.00
8510,55.00
8511,182.00
8512,214.00
8513,60.00
8514,55.00
8515,250.00
8516,451.00
8517,208.00
8518,130.00
8519,200.00
8520,131.00
8521,194.00
8522,148.00
8523,75.00
8524,255.00
8525,320.00
8526,479.00
8527,62.00
8528,300.00
8529,343.00
8530,122.00
8531,271.00
8532,227.00
8533,131.00
8534,150.00
8535,163.00
8536,114.00
8537,511.00
8538,95.00
8539,60.00
8540,208.00
8541,131.00
8542,160.00
8543,172.00
8544,203.00
8545,210.00
8546,180.00
8547,55.00
8548,150.00
8549,40.00
8550,300.00
8551,208.00
8552,213.00
8553,199.00
8554,350.00
8555,300.00
8556,85.00
8557,165.00
8558,385.00
8559,247.00
8560,132.00
8561,44.00
8562,206.00
8563,750.00
8564,127.00
8565,127.00
8566,202.00
8567,142.00
8568,143.00
8569,309.00
8570,335.00
8571,156.00
8572,550.00
8573,129.00
8574,181.00
8575,145.00
8576,232.00
8577,143.00
8578,163.00
8579,211.00
8580,149.00
8581,174.00
8582,174.00
8583,259.00
8584,38.00
8585,145.00
8586,241.00
8587,302.00
8588,85.00
8589,182.00
8590,600.00
8591,145.00
8592,660.00
8593,489.00
8594,190.00
8595,180.00
8596,103.00
8597,103.00
8598,120.00
8599,100.00
8600,200.00
8601,213.00
8602,239.00
8603,69.00
8604,231.00
8605,602.00
8606,170.00
8607,158.00
8608,190.00
8609,190.00
8610,144.00
8611,160.00
8612,127.00
8613,270.00
8614,160.00
8615,110.00
8616,180.00
8617,235.00
8618,179.00
8619,130.00
8620,180.00
8621,232.00
8622,165.00
8623,155.00
8624,180.00
8625,145.00
8626,40.00
8627,205.00
8628,252.00
8629,218.00
8630,190.00
8631,220.00
8632,134.00
8633,320.00
8634,113.00
8635,188.00
8636,75.00
8637,320.00
8638,211.00
8639,194.00
8640,180.00
8641,108.00
8642,235.00
8643,200.00
8644,314.00
8645,69.00
8646,150.00
8647,200.00
8648,150.00
8649,205.00
8650,230.00
8651,182.00
8652,179.00
8653,207.00
8654,55.00
8655,194.00
8656,155.00
8657,200.00
8658,155.00
8659,155.00
8660,115.00
8661,208.00
8662,146.00
8663,46.00
8664,227.00
8665,112.00
8666,155.00
8667,125.00
8668,159.00
8669,165.00
8670,113.00
8671,55.00
8672,128.00
8673,211.00
8674,163.00
8675,238.00
8676,150.00
8677,214.00
8678,110.00
8679,109.00
8680,260.00
8681,145.00
8682,227.00
8683,232.00
8684,232.00
8685,229.00
8686,84.00
8687,145.00
8688,95.00
8689,83.00
8690,125.00
8691,207.00
8692,99.00
8693,284.00
8694,210.00
8695,159.00
8696,193.00
8697,120.00
8698,165.00
8699,229.00
8700,210.00
8701,120.00
8702,95.00
8703,65.00
8704,258.00
8705,445.00
8706,65.00
8707,205.00
8708,242.00
8709,215.00
8710,150.00
8711,80.00
8712,110.00
8713,300.00
8714,209.00
8715,80.00
8716,145.00
8717,85.00
8718,196.00
8719,263.00
8720,375.00
8721,55.00
8722,139.00
8723,227.00
8724,336.00
8725,155.00
8726,205.00
8727,344.00
8728,135.00
8729,606.00
8730,129.00
8731,180.00
8732,190.00
8733,83.00
8734,235.00
8735,60.00
8736,372.00
8737,175.00
8738,150.00
8739,190.00
8740,225.00
8741,179.00
8742,247.00
8743,913.00
8744,295.00
8745,95.00
8746,100.00
8747,315.00
8748,49.00
8749,113.00
8750,40.00
8751,188.00
8752,51.00
8753,750.00
8754,194.00
8755,150.00
8756,413.00
8757,215.00
8758,320.00
8759,158.00
8760,70.00
8761,80.00
8762,163.00
8763,320.00
8764,213.00
8765,98.00
8766,108.00
8767,295.00
8768,116.00
8769,203.00
8770,160.00
8771,86.00
8772,145.00
8773,214.00
8774,129.00
8775,226.00
8776,372.00
8777,180.00
8778,90.00
8779,95.00
8780,72.00
8781,498.00
8782,180.00
8783,589.00
8784,210.00
8785,109.00
8786,250.00
8787,227.00
8788,55.00
8789,250.00
8790,132.00
8791,300.00
8792,159.00
8793,312.00
8794,172.00
8795,127.00
8796,179.00
8797,162.00
8798,155.00
8799,80.00
8800,350.00
8801,110.00
8802,343.00
8803,190.00
8804,179.00
8805,524.00
8806,144.00
8807,150.00
8808,325.00
8809,145.00
8810,375.00
8811,200.00
8812,95.00
8813,589.00
8814,201.00
8815,179.00
8816,198.00
8817,200.00
8818,159.00
8819,150.00
8820,150.00
8821,129.00
8822,310.00
8823,150.00
8824,336.00
8825,122.00
8826,313.00
8827,180.00
8828,50.00
8829,150.00
8830,160.00
8831,107.00
8832,55.00
8833,150.00
8834,190.00
8835,85.00
8836,193.00
8837,215.00
8838,270.00
8839,165.00
8840,404.00
8841,290.00
8842,227.00
8843,75.00
8844,372.00
8845,143.00
8846,375.00
8847,312.00
8848,188.00
8849,100.00
8850,135.00
8851,116.00
8852,110.00
8853,188.00
8854,139.00
8855,150.00
8856,176.00
8857,145.00
8858,137.00
8859,324.00
8860,546.00
8861,250.00
8862,247.00
8863,150.00
8864,79.00
8865,79.00
8866,40.00
8867,45.00
8868,40.00
8869,131.00
8870,90.00
8871,375.00
8872,325.00
8873,158.00
8874,250.00
8875,180.00
8876,233.00
8877,208.00
8878,35.00
8879,80.00
8880,169.00
8881,198.00
8882,53.00
8883,380.00
8884,40.00
8885,232.00
8886,70.00
8887,45.00
8888,172.00
8889,432.00
8890,179.00
8891,175.00
8892,135.00
8893,180.00
8894,250.00
8895,50.00
8896,174.00
8897,160.00
8898,100.00
8899,155.00
8900,80.00
8901,108.00
8902,227.00
8903,80.00
8904,120.00
8905,111.00
8906,53.00
8907,138.00
8908,144.00
8909,145.00
8910,116.00
8911,107.00
8912,129.00
8913,136.00
8914,169.00
8915,160.00
8916,158.00
8917,133.00
8918,60.00
8919,53.00
8920,60.00
8921,85.00
8922,75.00
8923,550.00
8924,242.00
8925,600.00
8926,65.00
8927,332.00
8928,143.00
8929,153.00
8930,70.00
8931,153.00
8932,180.00
8933,169.00
8934,40.00
8935,500.00
8936,177.00
8937,214.00
8938,177.00
8939,120.00
8940,88.00
8941,227.00
8942,200.00
8943,106.00
8944,80.00
8945,292.00
8946,83.00
8947,233.00
8948,208.00
8949,175.00
8950,65.00
8951,120.00
8952,112.00
8953,190.00
8954,127.00
8955,143.00
8956,158.00
8957,153.00
8958,50.00
8959,600.00
8960,55.00
8961,131.00
8962,173.00
8963,44.00
8964,112.00
8965,290.00
8966,135.00
8967,140.00
8968,52.00
8969,190.00
8970,35.00
8971,200.00
8972,250.00
8973,406.00
8974,52.00
8975,555.00
8976,198.00
8977,535.00
8978,232.00
8979,324.00
8980,232.00
8981,232.00
8982,232.00
8983,150.00
8984,128.00
8985,150.00
8986,239.00
8987,162.00
8988,127.00
8989,210.00
8990,205.00
8991,311.00
8992,75.00
8993,650.00
8994,141.00
8995,100.00
8996,105.00
8997,289.00
8998,110.00
8999,130.00
9000,114.00
9001,115.00
9002,188.00
9003,225.00
9004,80.00
9005,120.00
9006,161.00
9007,200.00
9008,75.00
9009,100.00
9010,120.00
9011,213.00
9012,360.00
9013,332.00
9014,163.00
9015,150.00
9016,327.00
9017,90.00
9018,135.00
9019,127.00
9020,229.00
9021,710.00
9022,159.00
9023,154.00
9024,70.00
9025,169.00
9026,100.00
9027,169.00
9028,290.00
9029,366.00
9030,404.00
9031,210.00
9032,51.00
9033,1010.00
9034,137.00
9035,60.00
9036,95.00
9037,231.00
9038,360.00
9039,179.00
9040,56.00
9041,95.00
9042,132.00
9043,150.00
9044,348.00
9045,132.00
9046,95.00
9047,265.00
9048,201.00
9049,312.00
9050,213.00
9051,279.00
9052,177.00
9053,235.00
9054,115.00
9055,155.00
9056,250.00
9057,211.00
9058,90.00
9059,128.00
9060,169.00
9061,127.00
9062,170.00
9063,58.00
9064,121.00
9065,150.00
9066,162.00
9067,159.00
9068,116.00
9069,180.00
9070,225.00
9071,147.00
9072,380.00
9073,193.00
9074,142.00
9075,143.00
9076,208.00
9077,524.00
9078,270.00
9079,348.00
9080,104.00
9081,65.00
9082,250.00
9083,193.00
9084,194.00
9085,107.00
9086,210.00
9087,169.00
9088,110.00
9089,132.00
9090,225.00
9091,196.00
9092,120.00
9093,129.00
9094,289.00
9095,51.00
9096,130.00
9097,479.00
9098,132.00
9099,153.00
9100,95.00
9101,150.00
9102,165.00
9103,153.00
9104,210.00
9105,76.00
9106,546.00
9107,149.00
9108,139.00
9109,103.00
9110,100.00
9111,70.00
9112,400.00
9113,650.00
9114,176.00
9115,226.00
9116,164.00
9117,51.00
9118,68.00
9119,110.00
9120,80.00
9121,163.00
9122,85.00
9123,253.00
9124,100.00
9125,99.00
9126,180.00
9127,180.00
9128,451.00
9129,327.00
9130,115.00
9131,131.00
9132,131.00
9133,297.00
9134,110.00
9135,327.00
9136,1450.00
9137,165.00
9138,145.00
9139,116.00
9140,270.00
9141,176.00
9142,470.00
9143,238.00
9144,182.00
9145,85.00
9146,300.00
9147,182.00
9148,122.00
9149,159.00
9150,129.00
9151,150.00
9152,372.00
9153,69.00
9154,150.00
9155,180.00
9156,166.00
9157,166.00
9158,120.00
9159,320.00
9160,128.00
9161,169.00
9162,385.00
9163,180.00
9164,85.00
9165,200.00
9166,54.00
9167,132.00
9168,95.00
9169,70.00
9170,55.00
9171,188.00
9172,116.00
9173,245.00
9174,163.00
9175,122.00
9176,215.00
9177,232.00
9178,44.00
9179,107.00
9180,145.00
9181,200.00
9182,85.00
9183,196.00
9184,253.00
9185,177.00
9186,312.00
9187,88.00
9188,180.00
9189,139.00
9190,150.00
9191,385.00
9192,511.00
9193,65.00
9194,196.00
9195,205.00
9196,110.00
9197,180.00
9198,110.00
9199,50.00
9200,350.00
9201,442.00
9202,75.00
9203,150.00
9204,45.00
9205,193.00
9206,200.00
9207,404.00
9208,85.00
9209,180.00
9210,311.00
9211,172.00
9212,169.00
9213,203.00
9214,114.00
9215,70.00
9216,391.00
9217,211.00
9218,114.00
9219,115.00
9220,239.00
9221,95.00
9222,195.00
9223,348.00
9224,163.00
9225,267.00
9226,160.00
9227,180.00
9228,158.00
9229,177.00
9230,250.00
9231,214.00
9232,60.00
9233,65.00
9234,95.00
9235,160.00
9236,223.00
9237,65.00
9238,60.00
9239,137.00
9240,226.00
9241,80.00
9242,366.00
9243,150.00
9244,428.00
9245,160.00
9246,100.00
9247,160.00
9248,50.00
9249,270.00
9250,406.00
9251,52.00
9252,229.00
9253,110.00
9254,275.00
9255,229.00
9256,120.00
9257,110.00
9258,265.00
9259,85.00
9260,427.00
9261,135.00
9262,159.00
9263,400.00
9264,320.00
9265,180.00
9266,152.00
9267,75.00
9268,348.00
9269,178.00
9270,65.00
9271,120.00
9272,96.00
9273,913.00
9274,46.00
9275,180.00
9276,44.00
9277,350.00
9278,239.00
9279,65.00
9280,135.00
9281,146.00
9282,169.00
9283,524.00
9284,139.00
9285,65.00
9286,169.00
9287,169.00
9288,100.00
9289,328.00
9290,200.00
9291,100.00
9292,203.00
9293,54.00
9294,290.00
9295,50.00
9296,70.00
9297,70.00
9298,176.00
9299,122.00
9300,150.00
9301,209.00
9302,600.00
9303,180.00
9304,196.00
9305,200.00
9306,307.00
9307,650.00
9308,35.00
9309,64.00
9310,200.00
9311,116.00
9312,159.00
9313,168.00
9314,327.00
9315,85.00
9316,69.00
9317,70.00
9318,180.00
9319,115.00
9320,150.00
9321,223.00
9322,75.00
9323,336.00
9324,180.00
9325,52.00
9326,180.00
9327,250.00
9328,195.00
9329,314.00
9330,229.00
9331,151.00
9332,80.00
9333,150.00
9334,190.00
9335,190.00
9336,200.00
9337,166.00
9338,114.00
9339,107.00
9340,206.00
9341,88.00
9342,100.00
9343,180.00
9344,116.00
9345,48.00
9346,69.00
9347,264.00
9348,80.00
9349,312.00
9350,546.00
9351,550.00
9352,153.00
9353,169.00
9354,159.00
9355,45.00
9356,227.00
9357,150.00
9358,232.00
9359,69.00
9360,139.00
9361,190.00
9362,300.00
9363,162.00
9364,384.00
9365,116.00
9366,293.00
9367,65.00
9368,80.00
9369,229.00
9370,76.00
9371,116.00
9372,50.00
9373,75.00
9374,50.00
9375,50.00
9376,177.00
9377,158.00
9378,190.00
9379,132.00
9380,286.00
9381,165.00
9382,150.00
9383,214.00
9384,385.00
9385,200.00
9386,180.00
9387,165.00
9388,242.00
9389,158.00
9390,60.00
9391,132.00
9392,290.00
9393,116.00
9394,150.00
9395,150.00
9396,271.00
9397,241.00
9398,326.00
9399,80.00
9400,159.00
9401,162.00
9402,69.00
9403,270.00
9404,285.00
9405,150.00
9406,107.00
9407,132.00
9408,170.00
9409,190.00
9410,214.00
9411,125.00
9412,600.00
9413,209.00
9414,205.00
9415,180.00
9416,65.00
9417,180.00
9418,320.00
9419,180.00
9420,524.00
9421,150.00
9422,390.00
9423,69.00
9424,165.00
9425,130.00
9426,250.00
9427,232.00
9428,359.00
9429,200.00
9430,312.00
9431,85.00
9432,292.00
9433,182.00
9434,105.00
9435,203.00
9436,393.00
9437,106.00
9438,185.00
9439,236.00
9440,120.00
9441,178.00
9442,120.00
9443,178.00
9444,455.00
9445,450.00
9446,250.00
9447,130.00
9448,455.00
9449,325.00
9450,200.00
9451,741.00
9452,996.00
9453,125.00
9454,220.00
9455,145.00
9456,299.00
9457,236.00
9458,290.00
9459,178.00
9460,299.00
9461,457.00
9462,155.00
9463,299.00
9464,1500.00
9465,100.00
9466,110.00
9467,123.00
9468,115.00
9469,264.00
9470,220.00
9471,299.00
9472,100.00
9473,185.00
9474,299.00
9475,500.00
9476,996.00
9477,85.00
9478,163.00
9479,35.00
9480,299.00
9481,498.00
9482,653.00
9483,240.00
9484,285.00
9485,260.00
9486,450.00
9487,344.00
9488,399.00
9489,50.00
9490,237.00
9491,75.00
9492,229.00
9493,90.00
9494,100.00
9495,100.00
9496,40.00
9497,95.00
9498,90.00
9499,120.00
9500,100.00
9501,189.00
9502,105.00
9503,298.00
9504,54.00
9505,115.00
9506,120.00
9507,50.00
9508,95.00
9509,120.00
9510,279.00
9511,200.00
9512,40.00
9513,293.00
9514,42.00
9515,200.00
9516,150.00
9517,115.00
9518,200.00
9519,290.00
9520,120.00
9521,115.00
9522,196.00
9523,55.00
9524,561.00
9525,120.00
9526,235.00
9527,147.00
9528,410.00
9529,238.00
9530,60.00
9531,75.00
9532,189.00
9533,86.00
9534,500.00
9535,115.00
9536,160.00
9537,330.00
9538,90.00
9539,170.00
9540,200.00
9541,179.00
9542,385.00
9543,105.00
9544,248.00
9545,100.00
9546,250.00
9547,200.00
9548,51.00
9549,192.00
9550,160.00
9551,120.00
9552,290.00
9553,130.00
9554,30.00
9555,94.00
9556,138.00
9557,115.00
9558,200.00
9559,238.00
9560,159.00
9561,152.00
9562,182.00
9563,180.00
9564,115.00
9565,115.00
9566,110.00
9567,80.00
9568,55.00
9569,200.00
9570,99.00
9571,70.00
9572,350.00
9573,337.00
9574,200.00
9575,115.00
9576,40.00
9577,200.00
9578,162.00
9579,100.00
9580,40.00
9581,214.00
9582,200.00
9583,55.00
9584,40.00
9585,60.00
9586,126.00
9587,88.00
9588,115.00
9589,65.00
9590,116.00
9591,410.00
9592,36.00
9593,275.00
9594,40.00
9595,249.00
9596,299.00
9597,115.00
9598,239.00
9599,200.00
9600,100.00
9601,49.00
9602,130.00
9603,120.00
9604,70.00
9605,238.00
9606,115.00
9607,160.00
9608,127.00
9609,350.00
9610,199.00
9611,55.00
9612,194.00
9613,100.00
9614,361.00
9615,55.00
9616,139.00
9617,55.00
9618,71.00
9619,324.00
9620,85.00
9621,143.00
9622,95.00
9623,157.00
9624,189.00
9625,80.00
9626,176.00
9627,200.00
9628,90.00
9629,194.00
9630,90.00
9631,138.00
9632,120.00
9633,40.00
9634,195.00
9635,314.00
9636,189.00
9637,200.00
9638,89.00
9639,50.00
9640,250.00
9641,325.00
9642,60.00
9643,55.00
9644,50.00
9645,9999.00
9646,170.00
9647,80.00
9648,129.00
9649,62.00
9650,115.00
9651,42.00
9652,40.00
9653,108.00
9654,337.00
9655,145.00
9656,214.00
9657,290.00
9658,140.00
9659,90.00
9660,137.00
9661,90.00
9662,80.00
9663,83.00
9664,114.00
9665,152.00
9666,215.00
9667,189.00
9668,110.00
9669,120.00
9670,200.00
9671,44.00
9672,69.00
9673,180.00
9674,290.00
9675,180.00
9676,90.00
9677,135.00
9678,299.00
9679,120.00
9680,200.00
9681,370.00
9682,80.00
9683,55.00
9684,200.00
9685,50.00
9686,200.00
9687,299.00
9688,200.00
9689,55.00
9690,618.00
9691,200.00
9692,55.00
9693,149.00
9694,36.00
9695,200.00
9696,293.00
9697,202.00
9698,55.00
9699,120.00
9700,160.00
9701,55.00
9702,118.00
9703,170.00
9704,100.00
9705,65.00
9706,150.00
9707,100.00
9708,200.00
9709,55.00
9710,90.00
9711,66.00
9712,100.00
9713,142.00
9714,150.00
9715,200.00
9716,239.00
9717,75.00
9718,120.00
9719,120.00
9720,198.00
9721,55.00
9722,110.00
9723,300.00
9724,120.00
9725,55.00
9726,100.00
9727,120.00
9728,85.00
9729,85.00
9730,120.00
9731,350.00
9732,88.00
9733,45.00
9734,55.00
9735,337.00
9736,250.00
9737,70.00
9738,120.00
9739,90.00
9740,120.00
9741,200.00
9742,1000.00
9743,72.00
9744,163.00
9745,200.00
9746,1000.00
9747,130.00
9748,200.00
9749,40.00
9750,40.00
9751,200.00
9752,50.00
9753,70.00
9754,299.00
9755,550.00
9756,83.00
9757,306.00
9758,55.00
9759,324.00
9760,139.00
9761,129.00
9762,165.00
9763,149.00
9764,175.00
9765,180.00
9766,94.00
9767,120.00
9768,90.00
9769,120.00
9770,54.00
9771,40.00
9772,50.00
9773,73.00
9774,120.00
9775,95.00
9776,120.00
9777,55.00
9778,69.00
9779,83.00
9780,90.00
9781,36.00
9782,120.00
9783,238.00
9784,800.00
9785,45.00
9786,120.00
9787,120.00
9788,200.00
9789,90.00
9790,120.00
9791,55.00
9792,120.00
9793,140.00
9794,150.00
9795,550.00
9796,131.00
9797,200.00
9798,125.00
9799,115.00
9800,729.00
9801,80.00
9802,78.00
9803,88.00
9804,90.00
9805,200.00
9806,98.00
9807,50.00
9808,196.00
9809,55.00
9810,55.00
9811,290.00
9812,119.00
9813,130.00
9814,238.00
9815,189.00
9816,65.00
9817,229.00
9818,200.00
9819,110.00
9820,65.00
9821,62.00
9822,95.00
9823,45.00
9824,129.00
9825,40.00
9826,106.00
9827,90.00
9828,95.00
9829,19.00
9830,1000.00
9831,142.00
9832,213.00
9833,250.00
9834,70.00
9835,120.00
9836,200.00
9837,250.00
9838,124.00
9839,40.00
9840,55.00
9841,90.00
9842,188.00
9843,176.00
9844,160.00
9845,120.00
9846,300.00
9847,399.00
9848,200.00
9849,55.00
9850,30.00
9851,239.00
9852,200.00
9853,114.00
9854,180.00
9855,55.00
9856,30.00
9857,202.00
9858,160.00
9859,100.00
9860,55.00
9861,329.00
9862,100.00
9863,62.00
9864,120.00
9865,120.00
9866,82.00
9867,131.00
9868,260.00
9869,130.00
9870,45.00
9871,120.00
9872,200.00
9873,189.00
9874,195.00
9875,36.00
9876,100.00
9877,90.00
9878,241.00
9879,118.00
9880,120.00
9881,155.00
9882,120.00
9883,115.00
9884,62.00
9885,85.00
9886,561.00
9887,115.00
9888,95.00
9889,200.00
9890,55.00
9891,340.00
9892,350.00
9893,50.00
9894,213.00
9895,115.00
9896,198.00
9897,150.00
9898,50.00
9899,60.00
9900,149.00
9901,200.00
9902,135.00
9903,44.00
9904,80.00
9905,65.00
9906,200.00
9907,40.00
9908,115.00
9909,58.00
9910,220.00
9911,33.00
9912,50.00
9913,55.00
9914,100.00
9915,150.00
9916,190.00
9917,100.00
9918,127.00
9919,264.00
9920,115.00
9921,55.00
9922,132.00
9923,120.00
9924,90.00
9925,215.00
9926,200.00
9927,350.00
9928,120.00
9929,50.00
9930,68.00
9931,327.00
9932,145.00
9933,65.00
9934,213.00
9935,95.00
9936,60.00
9937,55.00
9938,111.00
9939,341.00
9940,48.00
9941,600.00
9942,30.00
9943,238.00
9944,85.00
9945,90.00
9946,115.00
9947,250.00
9948,45.00
9949,70.00
9950,30.00
9951,62.00
9952,465.00
9953,350.00
9954,290.00
9955,162.00
9956,169.00
9957,90.00
9958,95.00
9959,100.00
9960,130.00
9961,1000.00
9962,103.00
9963,115.00
9964,123.00
9965,290.00
9966,162.00
9967,110.00
9968,236.00
9969,199.00
9970,68.00
9971,120.00
9972,80.00
9973,169.00
9974,166.00
9975,181.00
9976,200.00
9977,195.00
9978,90.00
9979,189.00
9980,350.00
9981,200.00
9982,70.00
9983,86.00
9984,55.00
9985,130.00
9986,160.00
9987,40.00
9988,191.00
9989,30.00
9990,115.00
9991,115.00
9992,155.00
9993,200.00
9994,179.00
9995,55.00
9996,55.00
9997,80.00
9998,100.00
9999,350.00
